date,actual_appointments,predicted_appointments
2021-02-08,23,68.98613121978407
2021-02-09,435,314.39012466335816
2021-02-10,443,469.57860065604433
2021-02-11,379,531.6832927563756
2021-02-12,599,550.2172755133499
2021-02-13,629,571.5090650866948
2021-02-14,39,242.0951276801339
2021-02-15,7,77.77884874453102
2021-02-16,543,424.73700316776444
2021-02-17,499,600.1792959764057
2021-02-18,459,514.7213272981235
2021-02-19,753,217.60483013856822
2021-02-20,525,603.0211170393178
2021-02-21,45,117.82367711260902
2021-02-22,18,24.238576413504624
2021-02-23,230,304.7326405951208
2021-02-24,117,330.3985447494883
2021-02-25,239,281.3479154793769
2021-02-26,351,410.7841393841475
2021-02-27,409,124.1848542347459
2021-02-28,36,214.14450402733956
2021-03-01,112,73.7030178640556
2021-03-02,66,170.40593786182063
2021-03-03,211,44.98401845835779
2021-03-04,63,193.42232595369398
2021-03-05,92,8.075116251483264
2021-03-06,93,193.39997174661997
2021-03-07,51,86.74153115798498
2021-03-08,34,252.49832925106895
2021-03-09,549,44.53792201200797
2021-03-10,432,426.93314253258234
2021-03-11,419,257.5848103913352
2021-03-12,340,277.79960671682255
2021-03-13,769,200.56106846512915
2021-03-14,45,230.61242375723168
2021-03-15,102,72.75319731006144
2021-03-16,189,469.288509476491
2021-03-17,139,433.74385096044256
2021-03-18,237,320.1979125632348
2021-03-19,125,325.67921551823184
2021-03-20,217,545.1284789923532
2021-03-21,5,117.8457287439891
2021-03-22,48,355.08360482798116
2021-03-23,667,118.55938382224284
2021-03-24,186,353.1335200464949
2021-03-25,318,284.63746972819524
2021-03-26,182,247.70930146174967
2021-03-27,405,41.87774355280416
2021-03-28,1,74.19688895972652
2021-03-29,985,257.4418638336773
2021-03-30,733,621.2945007752295
2021-03-31,850,403.3486217750277
2021-04-01,829,387.8788327601107
2021-04-02,1512,275.52077458525815
2021-04-03,1,439.2192280704359
2021-04-04,4,231.28638342596082
2021-04-05,2,582.7535822052643
2021-04-06,1,503.42427709711495
2021-04-07,4,489.1398630072116
2021-04-08,3,492.9929916183049
2021-04-09,1,525.1547907280927
2021-04-10,3,68.66683780247571
2021-04-11,3,137.40609562469285
2021-04-12,4,167.9786225735318
2021-04-13,3,139.35767600542582
2021-04-14,1,75.13018603619392
2021-04-15,1,23.14918739191538
2021-04-16,2,151.0211904979913
2021-04-17,3,143.1208699370862
2021-04-18,2,143.96997848406343
2021-04-19,2,248.70897132200963
2021-04-20,1,8.870872218982965
2021-04-21,1,258.0064429901272
2021-04-22,4,185.0976809217538
2021-04-23,1,313.7906797983274
2021-04-24,4,52.279673031900884
2021-04-25,4,262.43486426266026
2021-04-26,4,157.2721473231662
2021-04-27,10,143.59205610643986
2021-04-28,7,118.48080966530178
2021-04-29,1,85.53340243211755
2021-04-30,5,122.28078689790021
2021-05-01,9,292.4749326029586
2021-05-02,9,170.0103417847395
2021-05-03,4,233.0368741511098
2021-05-04,3,292.4013177013404
2021-05-05,2,256.6742602966071
2021-05-06,5,280.7484141360173
2021-05-07,11,272.2264298711922
2021-05-08,1,209.27601254845098
2021-05-09,4,152.34274584952954
2021-05-10,3,263.77412376179564
2021-05-11,11,236.38850294645923
2021-05-12,1,244.99097270634547
